Carimbo de data/hora;Qual a sua área de atuação?;Qual o seu perfil?;Você se considera em qual nível profissional?;Quanto(s) ano(s) de experiência possui nessa área?;"1. Tema: Inventário de ativos de hardware

[Pergunta para o Cliente] A empresa possui um inventário detalhado de ativos corporativos?

[Resposta do Cliente] A empresa mantém um inventário de ativos abrangente e detalhado. Este inventário abrange a vasta maioria dos ativos dentro da organização, com aproximadamente 98% de todos os ativos contabilizados e rastreados. O inventário é atualizado continuamente por meio de sistemas automatizados, garantindo que novos ativos sejam capturados e os existentes sejam atualizados em tempo real conforme as mudanças ocorrem.";Se preferir, comente sua decisão. ;"2. Tema: Inventário e controle de ativos de software

[Pergunta para o Cliente] A empresa possui um inventário detalhado de ativos de software, sistemas e aplicações?

[Resposta do Cliente] A organização tem um inventário de software bem estabelecido e efetivamente mantido. Atualmente, aproximadamente 85% do software usado dentro da organização é inventariado, garantindo controle abrangente sobre os ativos de software. Este inventário é atualizado regularmente por meio de processos manuais, garantindo que novas instalações e atualizações sejam refletidas no sistema.";Se preferir, comente sua decisão. ;"3. Tema: Gestão das Informações

[Pergunta para o Cliente] Existe algum processo formal de gerenciamento de dados em vigor?

[Resposta do Cliente] Há um processo formal de gerenciamento de dados em vigor dentro da organização. Os dados são classificados de acordo com sua sensibilidade. O processo de gerenciamento de dados é auditado a cada seis meses, e as permissões de acesso são revisadas regularmente.";Se preferir, comente sua decisão. ;"4. Tema: Processo de configuração segura (hardening, baselines de segurança, etc.)

[Pergunta para o Cliente] Existe um processo de configuração seguro para todos os sistemas?

[Resposta do Cliente] Há um processo de configuração seguro para todos os sistemas, com base na estrutura CIS (Center for Internet Security). As configurações são padronizadas em toda a organização e são revisadas e atualizadas trimestralmente.";Se preferir, comente sua decisão. ;"5. Tema: Inventários de contas de usuário

[Pergunta para o Cliente] Existe um inventário de todas as contas de usuário para todos os sistemas no catálogo de aplicativos?

[Resposta do Cliente] Há um inventário de todas as contas de usuário para todos os sistemas no catálogo de aplicativos. Esse inventário é atualizado com frequência e automaticamente. As contas são gerenciadas centralmente, e as contas não utilizadas são prontamente desativadas.";Se preferir, comente sua decisão. ;"6. Tema: Concessão de acessos em sistemas e aplicações

[Pergunta para o Cliente] Existe um processo formal para conceder acesso?

[Resposta do Cliente] Há um processo formal para conceder acesso. Nesse processo, as solicitações são aprovadas com base no princípio do menor privilégio, e o acesso é revisado periodicamente para garantir que ainda seja necessário. Além disso, os acessos concedidos são baseados em papéis ou funções específicas.";Se preferir, comente sua decisão. ;"7. Tema: Gestão de Vulnerabilidades

[Pergunta para o Cliente] Existe um processo de gerenciamento de vulnerabilidades em vigor para todos os ativos (endpoints, servidores, dispositivos de rede, aplicativos e sistemas, etc.)?

[Resposta do Cliente] Um processo de gerenciamento de vulnerabilidades está em vigor para todos os ativos, incluindo endpoints, servidores, dispositivos de rede, aplicativos e sistemas. Vulnerabilidades são identificadas e priorizadas para correção. Varreduras de vulnerabilidades são realizadas mensalmente, e relatórios de gerenciamento são revisados ​​regularmente.";Se preferir, comente sua decisão. ;"8. Tema: Gestão de logs e registros de atividade

[Pergunta para o Cliente] Existe um processo formal de gerenciamento de logs de auditoria?

[Resposta do Cliente] Um processo formal de gerenciamento de log de auditoria está em vigor, com coleta automática de logs de todos os sistemas e armazenamento seguro em repositórios centralizados e criptografados. Os logs são revisados ​​regularmente por equipes dedicadas usando ferramentas automatizadas para detectar atividades suspeitas. De acordo com a política, os logs de auditoria são retidos por 12 meses em um ambiente seguro, com acesso restrito a usuários autorizados.";Se preferir, comente sua decisão. ;"9. Tema: Uso de navegadores e clientes de e-mail

[Pergunta para o Cliente] Todos os navegadores e clientes de e-mail são totalmente suportados e somente versões autorizadas estão implementadas?

[Resposta do Cliente] Todos os navegadores e clientes de e-mail em uso são totalmente suportados, com atualizações regulares e suporte contínuo do fornecedor. As configurações de segurança para navegadores e clientes de e-mail são aplicadas centralmente e monitoradas para garantir a conformidade. A lista de versões suportadas é revisada e atualizada trimestralmente para garantir que as versões mais recentes e seguras estejam em uso.";Se preferir, comente sua decisão. ;"10. Tema: Antimalware

[Pergunta para o Cliente] O software antimalware é implantado em todos os endpoints?

[Resposta do Cliente] O software antimalware é implantado em todos os endpoints organizacionais, com varreduras de malware conduzidas regularmente. A eficácia do software antimalware é testada trimestralmente. O recurso antiexploração é habilitado, e os endpoints são gerenciados centralmente por meio de uma plataforma de segurança dedicada.";Se preferir, comente sua decisão. ;"11. Tema: Recuperação dos dados e informações

[Pergunta para o Cliente] Existe um processo de recuperação de dados em vigor?

[Resposta do Cliente] Um processo de recuperação de dados está em vigor, com backups realizados regularmente e armazenados com segurança. Em caso de perda, dados críticos podem ser restaurados em até 8 horas. Os logs de recuperação são mantidos e revisados ​​periodicamente para garantir a integridade do processo.";Se preferir, comente sua decisão. ;"12. Tema: Manter a infraestrutura de redes atualizada

[Pergunta para o Cliente] A infraestrutura de redes é atualizada regularmente?

[Resposta do Cliente]  A infraestrutura de rede é atualizada regularmente, com patches de firmware e software aplicados prontamente. Todas as alterações de configuração em dispositivos de rede são rastreadas e documentadas. A infraestrutura de rede é auditada para conformidade semestralmente.";Se preferir, comente sua decisão. ;"13. Tema: Centralização dos eventos de segurança da informação

[Pergunta para o Cliente] Todos os eventos de segurança da informação e correlatos são centralizados?

[Resposta do Cliente] Todos os alertas de eventos de segurança são centralizados em uma plataforma dedicada, permitindo o monitoramento em tempo real de toda a infraestrutura. Todos os eventos críticos são enviados para esse sistema central, onde são analisados ​​e endereçados por equipes especializadas.";Se preferir, comente sua decisão. ;"14. Tema: Programa de conscientização

[Pergunta para o Cliente] Atualmente existe algum programa com o intuito de conscientizar ou treinar os colaboradores quanto ao tema da segurança cibernética?

[Resposta do Cliente] Um programa ativo de conscientização sobre segurança está em vigor, e todos os funcionários são obrigados a concluir o treinamento de conscientização sobre segurança. O treinamento é realizado anualmente.";Se preferir, comente sua decisão. ;"15. Tema: Gestão de terceiros, parceiros e fornecedores

[Pergunta para o Cliente] Com é feita a gestão de terceiros, parceiros e fornecedores atualmente quanto ao mapeamento e análise de riscos de segurança da informação?

[Resposta do Cliente] Um inventário de todos os provedores de serviço é mantido e atualizado regularmente. Os provedores de serviço são revisados ​​periodicamente para conformidade de segurança, e suas práticas de segurança são avaliadas anualmente.";Se preferir, comente sua decisão. ;"16. Tema: Desenvolvimento seguro de software

[Pergunta para o Cliente] As práticas de desenvolvimento seguro de software estão implementadas?

[Resposta do Cliente] Um Processo de Desenvolvimento de Aplicativo Seguro é estabelecido, com práticas de segurança incorporadas em todos os estágios do ciclo de vida do desenvolvimento. As equipes de desenvolvimento seguem padrões de codificação seguros, e revisões de segurança regulares, como testes de vulnerabilidade e auditorias de código, são conduzidas. Atualizações de segurança e patches são aplicados continuamente para garantir a proteção dos aplicativos.";Se preferir, comente sua decisão. ;"17. Tema: Resposta à incidentes

[Pergunta para o Cliente] Existe um processo de resposta à incidentes?

[Resposta do Cliente] Um Processo de Resposta a Incidentes está em vigor, com uma equipe designada responsável pelo tratamento de incidentes. O treinamento de tratamento de incidentes é conduzido regularmente, e todos os incidentes são documentados e revisados.";Se preferir, comente sua decisão. ;"18. Tema: Testes e simulação de invasões

[Pergunta para o Cliente] São realizados testes de invasão, penetração ou simulações de ataques?

[Resposta do Cliente] Um Programa de Teste de Penetração está em vigor, com testes regulares conduzidos em sistemas críticos e infraestrutura de rede. Equipes especializadas realizam esses testes para identificar e explorar vulnerabilidades, garantindo que ações corretivas sejam tomadas prontamente.";Se preferir, comente sua decisão. 
11/28/2024 11:44:42;Segurança da Informação (Defensiva);Técnico;Pleno;2 anos;2;;3;;4;;1;;2;;2;;3;;2;;2;;2;;2;;2;;2;;2;;2;;2;;2;;2;
11/28/2024 13:00:52;Tecnologia (Software);Técnico;Estagiário(a);> 10 anos;7;Era legal ter um ativo apenas com TI e não o geral apenas.;6;;8;;8;;8;;8;;8;mensalmente é melhor que não ter.;7;revisão de logs deve ser no dia, semana, e mes;8;;8;pra mim tem que ser todo dia.;8;;8;;8;;8;;8;;8;;8;;8;o que é regular ? melhor colocar em dias , semanas meses
11/28/2024 13:03:14;Outras;Técnico;Pleno;4 anos;1;;2;;3;;2;;1;;1;;1;;2;;1;;2;;2;;2;;1;;2;;2;;2;;2;;2;
11/28/2024 17:36:30;Segurança da Informação (Defensiva);Ambos;Sênior;> 5 anos;3;Estão mapeados e geridos os ativos, mas não é 100%;7;Gestão manual, além do fato de 15% não ser mapeado e controlado.;3;Falta classificar quanto ao impacto em um potencial incidente;1;;1;;1;;5;Mensalmente pode ser suficiente para os equipamentos menos críticos, mas pode não ser suficiente para os outros casos;2;;1;;3;Não está claro se a analise de comportamento está ativa também. Nem em quais os tipos de respostas ;3;A redundância encontra-se em redes segregadas? Existem copias offline?;2;;4;Não é só eventos críticos que devem ser geridos, pequenos eventos podem gerar grandes impactos ;5;O processo é continuo, e devem haver treinamentos específicos ;5;Os provedores devem ser categorizados quanto ao risco e acesso e gerido individualmente (Deve-se ter um responsável interno em cada provedor);3;;4;Existe um CSIRT? Os planos de recuperação de desastre estão definidos, estão definidos as formas de comunicação e os responsáveis?;3;Quanto em quanto tempo são realizados? Qual é o tipo de testes realizados.
11/28/2024 17:55:33;Segurança da Informação (Defensiva);Ambos;Especialista;> 10 anos;5;O problema é que o cara que quer mesmo atacar vai achar esses 2%;8;;3;;2;;2;;2;O processo parece seguro, mas ainda é possível ataques de personificação.;2;;1;;2;;2;;2;;1;;3;Atenção ao ponto único de falhas;2;;2;;1;;1;;2;
11/28/2024 18:19:41;Tecnologia (Software);Técnico;Pleno;4 anos;8;;6;;4;;5;;3;;3;;4;;3;;2;;2;;3;;4;;1;;2;;3;;2;;3;;2;
11/28/2024 19:41:18;Segurança da Informação (Ofensiva);Técnico;Pleno;1 ano;1;98% é uma taxa muito boa de ativos gerenciados, somando isso ao tempo real dando visibilidade para o parque. Qual software é utilizado para esse inventário?;3;O ideal seria que esse processo fosse automatizado para evitar erro humano, mas como continua com uma taxa muito boa, com um bom treinamento e projetos de atualização, é possível gerenciar essas atualizações de maneira eficaz em que faça sentido para a empresa em questão. Qual software é utilizado para esse inventário?;3;Ponto positivo de processo formal de gerenciamento de dados mas achei vago a última parte, regularmente quando?.;3;Seria interessante também ter um método automatizado para implementação e acompanhamento dessas configurações.;2;Justo. Qual software é utilizado para esse inventário?;2;Periodicamente quando?;2;Quais os softwares utilizados para a identificação dessas vulnerabilidades? São atualizadas automaticamente?;2;;3;Atualização automática?;2;;3;8 horas é muito tempo.;1;;4;Eventos não críticos também devem ser enviados.;1;;2;;1;OK;3;Quão regularmente?;3;Quão regulares?
11/29/2024 12:39:32;Tecnologia (Dados);Técnico;Especialista;4 anos;7;;5;;7;;3;;2;;7;;9;;9;;8;;8;;7;;10;;8;;7;;8;;8;;9;;10;
11/29/2024 12:45:14;Tecnologia (Dados);Ambos;Especialista;4 anos;3;;6;;7;;6;;6;;6;;7;;6;;6;;5;;6;;6;;5;;6;;6;;5;;5;;6;
11/29/2024 12:46:24;Tecnologia (Dados);Técnico;Sênior;4 anos;3;;5;;2;;2;;1;;7;;5;;5;;6;;8;;2;;4;;5;;7;;7;;2;;2;;2;
11/29/2024 12:50:25;Tecnologia (Software);Ambos;Pleno;3 anos;3;;3;;3;;2;;2;;3;;3;;3;;3;;2;;2;;2;;2;;4;;3;;3;;2;;2;
12/3/2024 20:13:29;Tecnologia (Dados);Técnico;Pleno;4 anos;1;Quase todos os ativos estão controlados e atualizados automaticamente, o que é bem seguro.;4; O controle é bom, mas como é manual, pode haver falhas ou atrasos.;2; Há um processo claro e revisões regulares, o que garante segurança.;2;As configurações são padronizadas e revisadas com frequência, reduzindo riscos.;1;O sistema é centralizado e atualizado automaticamente, o que evita problemas.;2;O controle de acessos é bem organizado e segue boas práticas.;3;As varreduras são feitas, mas a frequência mensal pode deixar brechas temporárias.;2;Os logs são bem gerenciados e monitorados, o que garante segurança.;2;As versões usadas são seguras e sempre atualizadas, o que é bom.;1;O antimalware cobre tudo e é bem gerenciado, reduzindo riscos.;2;Os backups são regulares e permitem recuperação rápida, o que é confiável.;2;A rede é bem mantida e auditada, garantindo que tudo esteja em ordem.;2;A centralização permite monitoramento eficiente, o que minimiza problemas.;4;O treinamento é anual, mas poderia ser mais frequente para aumentar a eficácia.;3;Há controles, mas revisões mais frequentes poderiam evitar surpresas.;2;Há boas práticas no desenvolvimento, o que reduz bastante os riscos.;2;Há uma equipe preparada e processos claros, o que é suficiente.;2;Os testes são regulares e ajudam a corrigir problemas rapidamente.
12/3/2024 20:17:58;Segurança da Informação (Gestão de Riscos);Ambos;Estagiário(a);< 1 ano;1;;2;;2;;1;;1;;1;;2;;5;;2;;3;;1;;3;;2;;3;;5;;1;;1;;1;
12/3/2024 20:19:21;Segurança da Informação (Defensiva);Técnico;Estagiário(a);< 1 ano;1;;2;;1;;1;;1;;1;;1;;2;;1;;1;;2;;1;;3;;1;;1;;1;;2;;1;
12/3/2024 20:21:09;Segurança da Informação (Defensiva);Ambos;Sênior;> 5 anos;8;;10;;10;;10;;8;;8;;10;;6;;10;;10;;10;;8;;6;;10;;8;;6;;5;;5;
12/3/2024 20:35:06;Tecnologia (Software);Técnico;Pleno;3 anos;1;;3;;1;;1;;1;;1;;3;;1;;1;;1;;1;;1;;1;;5;;3;;1;;1;;1;
12/4/2024 15:32:52;Tecnologia (Software);Técnico;Júnior;2 anos;7;;4;;2;;9;;8;;3;;6;;2;;8;;3;;7;;6;;5;;4;;6;;8;;3;;3;
12/4/2024 23:35:00;Tecnologia (Infraestrutura);Ambos;Sênior;> 10 anos;1;Conforme resposta do cliente, possui sistema de inventario, com discovery automatizado de novos ICs e atualização dos que ja se encontram no CMDB, com efetividade de 98%. Sucesso total e meio utopico o 98%, por isso o risco é baixo a quase 0.;9;Processo manual para inventario é falho, risco tende a alto.;5;Nao deixa claro a efetividade do processo e quais os parametros para a avaliacao do dado.;8;Risco 8 pelo trimestre, atualmente 3 meses é muito tempo para segurança.;2;Faltou apenas relatar o tempo que torna uma conta nao utilizavel;2;Faltou relatar dentro do processo quem aprova o que (owner);8;8 pelo tempo de varredura mensal, muito tempo para segurança atualmente;1;;1;;2;Tempo trimestral para a eficacia, muito tempo para segurança atualmente.;1;Coloquei baixo entendendo que 8 horas para dados criticos atende a essa empresa.;4;Tempo semestral muto tempo para validar a conformidade.;1;;1;;4;Anualmente a revisao das praticas me chamou a atenção, acredito que é muito tempo.;1;;1;Utopico a resposta;1;
12/5/2024 12:16:55;Segurança da Informação (Gestão de Riscos);Técnico;Sênior;> 10 anos;4;;7;;2;;2;;2;;2;;2;;2;;2;;2;;6;;2;;2;;2;;2;;2;;2;;2;
12/5/2024 12:26:11;Segurança da Informação (Gestão de Riscos);Gerencial;Especialista;> 10 anos;3;Processo de acordo com práticas de mercado;5;Processos manuais podem gerar falhas operacionais. Além disso, o ideal é que todas as aplicações fossem monitoradas nos sistemas de borda (Ex.: Proxy, WAF, CDN) para garantir completude e atribuir um responsável.;2;;3;;1;Processo de acordo com as melhores práticas de mercado;2;;2;;3;Se a empresa for do sertor financeiro, o ideal é que os logs sejam armazenados por 60 meses (5 anos);2;Processo de acordo com as melhores práticas de mercado;2;Processo de acordo com as melhores práticas de mercado;4;Verificar se o RTO de 8hrs é adequado para o negócio;2;Processo de acordo com as melhores práticas de mercado;2;Processo de acordo com as melhores práticas de mercado;2;Processo de acordo com as melhores práticas de mercado;4;Os fornecedores devem ser avaliados também em nível de criticidade, de acordo com o serviço prestado. Fornecedores críticos devem ser avaliados com maior frequência;3;Verificar a implementação de um programa de Security Champions;2;Processo de acordo com as melhores práticas de mercado;4;Além dos sistemas críticos, é recomendado que os sistemas menos críticos sejam testados no mínimo anualmente
12/5/2024 12:29:52;Segurança da Informação (Gestão de Riscos);Técnico;Pleno;4 anos;5;;6;;2;;2;;2;;2;;2;;2;;2;;2;;3;;2;;2;;2;;2;;2;;2;;2;
12/5/2024 13:08:10;Segurança da Informação (Defensiva);Técnico;Sênior;2 anos;5;A prática de inventário nos ajudam a previnir incidentes de segurança como, autorização ou ataque de dispositivos desconhecidos, mas faz-se necessário realizar os controles de segurança frequentemente, controles de acesso a este inventário. Pois um ataque neste inventário, comprometeria 98% dos ativos de sua empresa. ;5;;1;;1;;5;;5;;1;;1;;5;;3;;1;;1;;1;;1;;5;;5;;7;;5;
12/5/2024 13:33:53;Tecnologia (Infraestrutura);Técnico;Sênior;> 10 anos;8;Atualizar automaticamente nem sempre é uma boa estratégia, dado a consideração de ambientes críticos, sempre deve-se avaliar a nova versão e também o melhor horário a ser atualizado (mesmo que de forma automática), deve-se considerar também se ha redundância de hardware, redes.;6;Aqui é o contrário, processos manuais não estão garantindo 100% do parque de software, podendo haver falhas humanas, se houver controle mesmo que manual , nao vejo problemas quanto ao risco e sim quanto ao tempo (leadtime);1;Aqui a preocupação doi válida, classificação do dado, auditoria periódica e revisão de acesso (permissões);1;Padronização de config (hardening) e revisão periódica para garantir que nao haja divergência ;1;Gerenciamento centralizado é uma boa forma de garantir e unificar o gerenciamento.;1;Entendo que a concessão do acesso por padrão é dada ao menor privilégio e de acordo com a função, portanto aderente e compliance com gestão de identidade;5;Aqui nao ficou claro se as ações de correção são somente identificadas ou são tratadas de forma ativa;1;Entendo que temos rastreabilidade, e segurança do dado e restrição a pessoas autorizadas;6;Importante entender se a política de restrição de acesso navegação e compartilhamento de arquivos e informações via e-mail ;6;Testes periódicos e política existe, mas não diz a eficiência do software;6;;1;Importante manter o parque atualizado e com patches aplicados garantindo bom funcionamento e possiveis correções ;2;Importante termos correlação de eventos e centralizados, assim simplifica a operação e atuação tempestiva;2;Importante todo os colaboradores estar em compliance com o processo de segurança da informação;3;Devem estar com politicas restritas a terceiros sem acesso a ambientes sensíveis, importante haver rastreabilidade ;2;;3;;2;
12/5/2024 13:44:41;Segurança da Informação (Gestão de Riscos);Gerencial;Sênior;3 anos;2;;3;;2;;8;;2;;1;;5;;1;;5;;1;;2;;5;;1;;1;;1;;1;;1;;1;
12/5/2024 14:17:10;Tecnologia (Infraestrutura);Gerencial;Sênior;> 10 anos;2;A resposta demonstra que a empresa possui um excelente controle sobre seus ativos de hardware, com 98% deles detalhadamente inventariados e atualizados em tempo real. Isso reflete um baixo risco nesse aspecto, graças à utilização de sistemas automatizados eficientes. Contudo, seria prudente investigar os 2% restantes para eliminar qualquer risco residual.;5;A resposta indica um nível moderado de controle sobre os ativos de software, com 85% dos softwares inventariados. Embora isso seja um bom começo, a dependência de processos manuais pode levar a atrasos ou erros na atualização do inventário, especialmente em ambientes dinâmicos. Para reduzir o risco, a empresa deve buscar a automação e garantir a inclusão dos 15% restantes de softwares no inventário.;3; A organização demonstra um nível sólido de controle sobre a gestão de informações, com processos formais e auditorias semestrais. A classificação dos dados por sensibilidade e a revisão regular de permissões de acesso são práticas essenciais para mitigar riscos. No entanto, seria interessante avaliar a frequência de auditorias e a eficácia das revisões para identificar possíveis lacunas de segurança.;2;A resposta indica um excelente controle sobre a configuração segura dos sistemas, com a adoção de padrões reconhecidos internacionalmente, como o CIS. A padronização e revisões trimestrais fortalecem ainda mais a segurança, reduzindo significativamente os riscos de vulnerabilidades devido a configurações inadequadas. Para manter esse baixo risco, é importante garantir auditorias periódicas da implementação real dessas configurações.;1;A resposta demonstra um excelente controle sobre as contas de usuário, com um inventário centralizado e atualizado automaticamente, o que minimiza significativamente os riscos de contas não monitoradas ou mal gerenciadas. A desativação rápida de contas não utilizadas reforça a segurança. Esse é um exemplo de boas práticas em gestão de acessos, mantendo o risco muito baixo.;2;A resposta evidencia um forte processo de concessão de acessos, baseado no princípio do menor privilégio e na atribuição de papéis ou funções específicas, que são práticas recomendadas de segurança. A revisão periódica de acessos garante que privilégios desnecessários sejam removidos, reduzindo riscos. Para manter esse nível de segurança, é essencial monitorar a eficácia dessas revisões regularmente.;3;"O processo de gerenciamento de vulnerabilidades descrito é robusto, abrangendo todos os ativos relevantes e utilizando varreduras mensais para identificar e priorizar vulnerabilidades. A revisão regular dos relatórios de gerenciamento reforça a segurança. No entanto, a periodicidade mensal das varreduras pode deixar janelas de exposição em ambientes com mudanças rápidas; varreduras mais frequentes poderiam reduzir ainda mais o risco.";2;O processo de gerenciamento de logs descrito é excelente, com coleta automática, armazenamento centralizado e criptografia, garantindo segurança e integridade. A revisão regular por equipes especializadas, combinada com ferramentas automatizadas, fortalece a detecção de atividades suspeitas. A retenção de logs por 12 meses e o acesso restrito mostram alinhamento com boas práticas, mantendo o risco muito baixo.;2;A resposta demonstra um controle sólido sobre navegadores e clientes de e-mail, com versões autorizadas, suporte contínuo e configurações de segurança centralizadas e monitoradas. A revisão trimestral das versões suportadas garante alinhamento com as melhores práticas de segurança. Para reduzir ainda mais o risco, poderia ser considerada uma revisão mais frequente em casos de vulnerabilidades críticas divulgadas publicamente.;1;A resposta reflete práticas exemplares de segurança, com o software antimalware implantado em todos os endpoints, varreduras regulares e testes trimestrais de eficácia. O uso de um recurso antiexploração e o gerenciamento centralizado por uma plataforma de segurança dedicada reforçam ainda mais a proteção contra ameaças. O risco é mínimo devido ao cumprimento rigoroso de boas práticas.;3;O processo de recuperação de dados descrito é bem estruturado, com backups regulares e um tempo de recuperação de 8 horas para dados críticos, o que é adequado para muitas organizações. A revisão periódica dos logs de recuperação garante a integridade do processo. Para reduzir ainda mais o risco, seria interessante explorar estratégias para diminuir o tempo de recuperação e implementar backups incrementais contínuos para maior resiliência.;3;A resposta demonstra boas práticas na manutenção da infraestrutura de redes, com atualizações regulares e rastreamento de alterações de configuração. A auditoria semestral é um ponto positivo, mas pode ser insuficiente em ambientes de alta criticidade. A implementação de revisões mais frequentes, especialmente para dispositivos expostos à internet, poderia reduzir ainda mais o risco.;2; A centralização dos eventos de segurança em uma plataforma dedicada com monitoramento em tempo real demonstra um controle robusto e alinhado às melhores práticas. O envio de eventos críticos para análise especializada reforça a capacidade de resposta. Para reduzir ainda mais o risco, seria interessante garantir que a plataforma seja resiliente contra falhas e integrar automação para respostas rápidas a incidentes.;4;Embora o programa de conscientização e treinamento anual para todos os colaboradores seja um passo importante, a frequência pode ser insuficiente para lidar com ameaças em evolução. Para reduzir o risco, seria benéfico complementar o treinamento anual com campanhas regulares de reforço, como simulações de phishing e atualizações trimestrais sobre as melhores práticas de segurança.;4;O inventário atualizado e as revisões periódicas para conformidade de segurança são boas práticas, mas a avaliação anual dos provedores pode ser insuficiente em ambientes com riscos dinâmicos. Para mitigar riscos, seria ideal realizar análises mais frequentes, especialmente para provedores críticos, e implementar contratos que incluam requisitos específicos de segurança da informação.;2;O processo descrito reflete práticas de desenvolvimento seguro bem estruturadas, com segurança integrada em todas as etapas do ciclo de vida de desenvolvimento. As revisões regulares, testes de vulnerabilidade e aplicação contínua de patches são fundamentais para minimizar riscos. Para reduzir ainda mais o risco, seria ideal implementar automação em testes de segurança e realizar treinamentos regulares para os desenvolvedores sobre ameaças emergentes.;3;O processo de resposta a incidentes descrito é adequado, com uma equipe designada, treinamento regular e documentação dos incidentes. No entanto, a ausência de informações sobre tempos de resposta ou simulações práticas, como exercícios de tabletop, pode indicar oportunidades de melhoria. A inclusão de métricas de desempenho e testes regulares aumentaria a eficácia do processo.;2;O programa de teste de penetração regular em sistemas críticos e infraestrutura é uma prática exemplar de segurança. A utilização de equipes especializadas fortalece ainda mais a eficácia dos testes. Para alcançar um risco ainda mais baixo, seria ideal ampliar o escopo dos testes para incluir sistemas não críticos e realizar simulações adversárias (red teaming) para avaliar a resposta global da organização.
12/5/2024 14:25:03;Tecnologia (Governança);Gerencial;Outros;> 10 anos;10;Quando falamos de ativos de hardware o mínimo esperado é termos a cobertura de 100% dos ativos e do seu ciclo de vida de segurança / atualização.;9;;2;;3;;1;;1;;1;;1;;1;;3;;1;;3;;1;;3;;3;;2;;1;;2;
12/5/2024 14:26:55;Segurança da Informação (Defensiva);Ambos;Especialista;> 10 anos;2;;6;;4;;4;;2;;3;;3;;2;;3;;2;;3;;3;;2;;3;;4;;2;;3;;2;
12/5/2024 16:33:26;Tecnologia (Software);Técnico;Sênior;> 5 anos;3;;6;;2;;4;Atualizações em níveis de infraestrutura ocorrem com uma frequencia muito maior do que trimestralmente, especialmente em sistemas operacionais.;2;;1;;2;;1;;6;Atualizações de navegadores ocorrem com uma frequencia maior.;2;;6;8 horas de recuperação é um tempo relativamente alto para alguns tipos de serviços;2;;1;;1;;3;;2;;2;;2;
12/5/2024 17:13:56;Segurança da Informação (Defensiva);Técnico;Sênior;4 anos;5;;7;;2;;3;;3;;3;;10;A avaliação de vulnerabilidades deve ser continua, identificar vulnerabilidades a cada 30 dias irá trazer um risco muito grande, pois ativos críticos da companhia podem estar vulneráveis por muitos dias até a identificação da vulnerabilidades.;4;;3;;2;;5;O tempo para restaurar os dados de backup devem estar alinhados com o plano de continuidade da companhia.;2;;3;;6;O treinamento deveria ser realizado pelo menos duas vezes por ano e trimestralmente deveria ser feito campanhas para validar o conhecimento obtido durante os treinamentos ;4;;2;;2;;3;
12/5/2024 18:27:35;Tecnologia (Infraestrutura);Técnico;Especialista;> 10 anos;2;O importante pra mim fora 2 informações, autalizações automatizadas e detalhadas, para a nota ser 1, eu gostaria de avaliar a usabilidades dos detalhes, se existem pontos uteis;7;;3;faltou ainda incluir quais são os processos de definição e quem os classifica;3;deixei em aberto, pois aqui faltaram informações de como as padronizações são aplicadas e manutenidas, por exemplo, após aplicado, é verificado que está ok, existe processo que valida continuamente ?;3;gostaria de explorar mais os controles de cada conta, a granularidade de acessos.;1;;4;seria interessante aprofundar esse tipo de relatorio com as correções possiveis, oq ue é mitigado, o que já é corrigido, para ter uma visão mais aprofundada do real cenário;2;;3;;2;;2;faltou incluir informaçÕes sobre os testes de recuperação;1;;1;;1;;2;;2;;1;;1;
12/5/2024 18:29:42;Tecnologia (Infraestrutura);Técnico;Especialista;> 10 anos;3;;5;;3;;4;;2;;2;;3;;2;;3;;2;;2;;2;;2;;2;;2;;2;;2;;2;
12/5/2024 20:13:25;Segurança da Informação (Governança);Ambos;Sênior;2 anos;2;;4;;2;;3;;2;;2;;8;;3;;6;;3;;2;;5;;4;;7;;5;;3;;4;;4;
12/5/2024 21:25:05;Tecnologia (Infraestrutura);Ambos;Especialista;> 10 anos;1;;1;;1;;1;;1;;1;;1;;1;;1;;1;;1;;1;;1;;1;;1;;1;;1;;1;
12/5/2024 22:41:01;Tecnologia (Infraestrutura);Gerencial;Especialista;> 10 anos;5;Os 2% faltantes pode trazer vulnerabilidades importantes e ser a porta de entrada para atacantes. Irá aumentar o tempo de resposta a incidentes;7;A atualização manual desse processo eleva o risco e não traz confiabilidade no indicador;3;;5;O tempo de revisão e atualização deverias ser menor e garantir a conformidade com postura;2;;3;;6;Deveria ter um passo para classificar a vulnerabilidade e melhorar a tomada de decisão para priorizar a correção e/ou mitigação ;5;adicionar alertas para identificar desvios e garantir uma cópia dos logs;2;;8;Precisa garantir a atualização da vacina e a funcionalidade do software nos endpoint;8;Garantir a cópia de segurança e guardar em local diferente da cópia primária, criar rotinas para testes periódicos de restore;3;;3;;3;;3;;3;;3;;3;
12/6/2024 7:36:58;Segurança da Informação (Ofensiva);Ambos;Outros;> 10 anos;1;;3;;3;;3;;2;;3;;4;;2;;2;;3;Tem um contra censo na resposta pois se o inventário não é 100% como pode garantir que todos tem endpoint instalado.;3;;1;;1;Mesmo conceito, afirmar que toda infraestrutura é coberta me parece ser um pouco exagerado ;1;;2;;3;;3;;3;
12/6/2024 8:25:35;Tecnologia (Software);Técnico;Sênior;> 10 anos;3;;10;;7;Não está claro se esse gerenciamento é manual ou automatizado.;2;;2;;2;;6;"Como não há totalidade de dispositivos e software utilizados, há um vetor de risco importante pois não está sendo monitorado. Resolver esses ""invisíveis"" baixará em muito essa nota.";1;;1;;1;;1;;4;Não foi citado processos automatizados.;1;;1;;7;Faltou uma abordagem mais prática na resposta, o que deixa dúvida sobre como realmente é mantido esse inventário.;1;;1;;1;
12/6/2024 13:12:13;Tecnologia (Infraestrutura);Técnico;Pleno;3 anos;3;;4;;1;;1;;1;;1;;2;;1;;2;;2;;1;;2;;1;;1;;1;;2;;2;;1;
12/6/2024 13:49:39;Outras;Técnico;Especialista;> 10 anos;4;Necessário ter a cobertura de 100% dos ativos, sem shadow IT. ;8;;2;;5;;3;;2;;2;;5;Logs devem ser armazenados com base nas normas legais. ;2;;2;;6;Necessário estabelecer restore tests.;2;;4;Necessário estabelecer uma arquitetura mesh.;6;Necessário estabelecer um programa de conscientização contínuo.;2;;2;;2;;2;
12/6/2024 14:54:04;Tecnologia (Software);Ambos;Sênior;> 10 anos;6;;10;;5;;5;;5;;4;;5;;2;;2;;2;;3;;2;;2;;2;;2;;2;;4;;6;
12/7/2024 0:54:32;Segurança da Informação (Defensiva);Ambos;Sênior;> 10 anos;2;;8;;6;;4;;3;;5;;8;;4;;6;;7;;6;;5;;5;;6;;6;;5;;7;;6;
12/7/2024 10:14:13;Segurança da Informação (Governança);Ambos;Especialista;> 10 anos;1;Embora o ideal seria 100%, no mundo real 98% é um valor excelente!;7;Risco alto seria não ter inventário de software. Todavia o processo é manual. Dependendo do tamanho da empresa, é até louvável atingir 85%. ;2;Não dei baixo porque o cliente não informou a periodicidade das revisões das permissões. A periodicidade deve estar relacionada com a sensibilidade da informação. ;8;Pude notar que o cliente não informou: 1. Como os baselines são implementados e 2. Se são monitorados. As empresas costumam acreditar que possuir uma cópia do CIS no servidor basta. Mas quanto efetivamente está instalado, ninguém sabe. Nesse caso, ter o documento não prova efetividade nenhuma. ;1;Se inclui dispositivos de rede, bom. ;5;Há um processo, mas ele não disse se é automatizado e/ou auditavel. ;3;O que falta? Processo de reclassificação: os riscos das vulnerabilidades de sistemas acessados pela internet é maior do que sistemas internos. Não mencionou medidas de segurança para sistemas legados (sempre existem).;1;;1;;4;Trimestral é um prazo muito longo. O mínimo seria mensal. Além disso, dependendo da sensibilidade da informação, a plataforma deveria integrar EDR e integração com siem. ;5;Os backups precisam ser efetivamente testados legalmente, restaurando dados em ambiente de testes ou automaticamente, de acordo com a tecnologia testada. A ferramenta precisa ter proteção contra malware e, opcionalmente, recursos de imutabilidade. ;3;Prontamente? As atualizações não são testadas? Risco de indisponibilidade. ;3;Para uma nota máxima eu incluiria utilização de IA/ML na ferramenta e monitoração e resposta 24/7, não mencionados. ;4;Hoje em dia isso não é suficiente. Plataformas de e-learning e campanhas de phishing são praticamente obrigatórias. ;3;Faltou dizer se existe um nível mínimo de compliance e se a avaliação está integrada com a área de compras. Sem isso, o processo não serve pra nada. ;3;Não mencionou sistemas de terceiros. São solicitados testes e relatórios de segurança?;5;Que padrão ou metodologia que segue? Existe sistema de apoio? 24/7? Área de operações, negócios, jurídico e executivos envolvidos com seus papéis definidos e documentados? São realizados testes anuais?;4;Faltou dizer a periodicidade, interno e externo e a utilização ou não de terceiros. 
12/7/2024 10:35:09;Outras;Gerencial;Sênior;> 10 anos;6;;8;;5;;6;;3;;5;;7;;5;;4;;4;;4;;4;;3;;4;;4;;3;;3;;4;
12/7/2024 11:52:25;Segurança da Informação (Governança);Gerencial;Sênior;> 5 anos;4;Risco baixo considerando a resposta da empresa.;4;Considerando a resposta da empresa ideal uma auditoria interna pra observar controle;2;Auditoria seria necessário pra observar o controle;2;Auditoria pra observar o controle e sua eficácia ;2;;4;;6;;6;;4;;6;;8;Necessário verificar a eficiência do controle;6;;6;;9;Este processo se for feito a cada 3 ou 4 meses mostra melhores resultados seguidos da gamificação com premiação ;6;Verificar a eficiência do controle através de auditoria ;9;Necessário verificar eficácia do controle;9;Exercícios de sala de guerra envolvendo equipe de segurança ;9;Simulação de sala de Guerra 
12/7/2024 12:07:40;Segurança da Informação (Defensiva);Gerencial;Outros;> 10 anos;3;Um ponto que deva ser adicionado no questionario é que quais informações dos ativos são armazenados, por exemplo: Owner de TI, Owner de Negocio, Area/Processo de Negocio que o ativo suporta, IP, Nivel de Exposição pra Internet, etc;2;;2;;1;;3;;3;Adiconaria qual o processo formal de concessão de acessos, por exemplo se o processo é manual existe um risco maior de concessão de acessos errados, caso haja um processo automatizado o risco é menor;3;Qual o aging de vulnerabilidades? São priorizados os ativos com maior de exposição ou com um maior vulnerabilidade criticas/altas ou com exploit já conhecidos?;2;;1;;3;Existe um processo de Golden Image ou Baseline para garantir que os agentes de segurança sejam instalados em todos os endpoints? Existe um monitoramento para garantir que caso o processo de Golden Imagem falhe seja possivel identificar ativos sem antimalware e atuar tempestivamente?;3;;2;;4;;2;;1;;5;;5;;3;
12/8/2024 13:26:20;Tecnologia (Software);Ambos;Especialista;> 10 anos;6;Ter um inventário por si só não reduz risco de ter um incidente de segurança. É um requisito mínimo para ter visibilidade dos ativos da organização, porém focaria em ter inventário dos dados que contém informações e serviços que a empresa quer proteger.;6;;7;;9;;7;;8;;9;;6;;8;navegador é um vetor importante de ataques que deve ser atualizado com frequência;10;;5;Não está correlacionado ao fato de aumentar ou reduzir a chance de ter um incidente de segurança, mas é vita para recuperar o estado do serviço;7;;7;;9;phishing e outros ataques como engenharia social são vetores importantes de ataque;8;vai depender do nível de acesso dos parceiros a dados sensíveis da organização ;10;;6;depende de como o processo de resposta a incidentes ajuda a prevenir futuros incidentes;10;
12/8/2024 19:20:30;Tecnologia (Infraestrutura);Gerencial;Sênior;> 10 anos;2;A empresa demonstra um compromisso com a precisão e a atualização constante de seu inventário.;4; A empresa demonstra um entendimento da importância de manter um inventário atualizado, mas os processos manuais podem limitar a eficiência e a precisão do inventário.;2;A empresa possui um processo formal de gerenciamento de dados, o que demonstra um compromisso com a segurança da informação.;3;A adoção dos padrões CIS é um bom ponto de partida para a configuração segura, mas a personalização é essencial para atender às necessidades únicas de cada organização.;2;A existência de um inventário completo e atualizado de contas de usuário é um excelente indicador de uma boa prática de segurança. No entanto, é importante aprofundar a análise para identificar oportunidades de melhoria e garantir a proteção adequada dos ativos da organização.;2;Muito bom. A existência de um processo formal de concessão de acessos é um excelente indicador de uma boa prática de segurança.;9;É positivo que a empresa tenha um processo de gerenciamento de vulnerabilidades. Porém, a ausência de informações sobre como são tratadas as vulnerabilidades zero-day e a periodicidade das varreduras mensais levanta dúvidas sobre a abrangência e a efetividade desse processo.;2;A existência de um processo formal de gerenciamento de logs é um excelente indicador de uma boa prática de segurança.;8;Suportar todos os navegadores e clientes de e-mail é muito arriscado. É importante encontrar um equilíbrio entre a necessidade de oferecer suporte a diversos navegadores/clientes de e-mail  e a necessidade de manter a qualidade, segurança e eficiência do seu sistema.  ;3;Faltou informar detalhes do antimalware. Mas aparentemente existe uma cobertura abrangente da organização;3;Tempo para restaurar o backup está muito alto e faltou detalhes para entender como o processo de backup é gerenciado. ;3;O que é regularmente? Faltou entender o tempo que esse processo é realizado. A cada uma semana? ;2;Muito bom. Há um plano de ação caso essa ferramenta centralizada pare de funcionar?;7;Percebo uma lacuna de compreensão nos processos de treinamento direcionados ao público em geral. É fundamental identificar o público-alvo e adaptar o treinamento às suas necessidades e conhecimentos prévios. Vale lembrar que os seres humanos representam o elo mais fraco na cadeia de segurança da informação;8;Grande parte dos incidentes de segurança da informação tem origem nas redes de parceiros, antes mesmo de atingirem as empresas clientes. Esse fluxo de trabalho padrão expõe as empresas a um risco considerável.;3;O cliente indica um bom nível de maturidade nas práticas de desenvolvimento seguro de software. A automatização de tarefas, o treinamento contínuo dos desenvolvedores e a integração com DevOps podem elevar ainda mais o nível de segurança dos aplicativos.;2;Muito bom. É importante definir com precisão a frequência dessas revisões regulares.;2;Muito bom. É importante definir com precisão a frequência dessas revisões regulares.
12/8/2024 20:06:38;Tecnologia (Governança);Gerencial;Sênior;> 5 anos;3;Deixei risco 3 devido não saber os outros 2%, ;5;;1;;1;;3;;3;;3;;3;;1;;1;;3;;1;;1;;3;Deveria ser uma periodicidade maior para treinamentos.;3;Precisa entender como e feito a revisão e a periodicidade poderia ser semestral;1;;1;;1;
12/9/2024 14:54:22;Tecnologia (Infraestrutura);Ambos;Pleno;> 10 anos;10;Em um contexto de estravio e percas de informacoes o inventario é importantissimo, e como há coleta, a inserção de um ativo nao autorizado na rede pode é muito preocupante;10;em suma inventariar e coletar os aplicativos da estrutura do parque de informatica de forma regular, é importante, tendo em vista que usuarios podem tentar instalar aplicativos nao autorizados, ou softwares ou ate mesmo sistemas operacionais fora do licenciamento da empresa, podendo ocorrer sansções por parte da fiscalização das software-houses.;10;Apesar de nova, a Lgpd, tem tratado de perto todas as formas ,nao somente de dados mas de acessos a informacoes e gerado conteudo para estrategias para proteções fisicas e virtuais, a auditoria por parte de um DPO e seus gerenciados, sempre é importante, para dar garantia de que processos de classificação, armazanamento, uso, gerencia e descarte possam ser validados por um  Complience.;10;Parametrizar, equipamentos para que a criptografia, usuarios, senhas seguras, com padroes altos, se tornam essenciais, troca de novos equipamentos com firmware com obsolecencias dentro do processo de atualizacoes para novas tecnologias ,se fazem necessarios, tratar e usar todos os recursos de barreiras para eviar um ZERO DAY e uma porventura invasao, acaba sendo a melhor das taticas,;10;"A retirada de usuarios que ja nao fazem mais parte do quadro da empresa, atualizando os acessos tanto fisicos quanto logicos, para que esses acessos nao possam ser usados em engenharias sociais, um complience entre setores devem estar em nivel de ""feeling"" muito alto, pois RH, SETOR PESSOAL, e TI, devem estar alinhados,";7;A concessao de Acessos deve-se por merito do processo seletivo, onde a funcao ja deve estar disponivel, de acordo com o cargo/funcao. para um contexto a lgpd pode se ater em visualizar este quesito, para que o usuario nao possa ter acesso a outras informações importantes, e ate mesmo sensiveis da empresa. a solicitacao de acesso tem que passar ( ao meu ver ) pelo seseguinte sentido RH=>Setor Pessoal =>RH=> Tecnologia da informacao.;10;A instalação de um MDM para os ativos moveis e notebooks na empresa se torna necessario para que o usuario nao instale aplicacoes que nao sao autorizadas. eu aconselho o WAZUH, um aplicativo que gerencia vulnerabilidade, atraves de um agente instalado, faz a varredura por todos os pcs para verificar vulnerabilidades no parque de informatica. Não Gerenciar vulnerabilidades se trata de um fator de risco altissimo, temdo em vista que maquina infectadas pode colocar em risco todo o ativo da empresa, bem como informacoes importantes, servidores de arquivos e dados. evitando ate mesmo um  Hansonware.;6;tambem nao deixa de ter sua importancia,  mas considerarei de forma mediana se todos os riscos estao controlados, contudo aplicacoes e hardwares criticos devem ser monitorado para evitar um futuro desastre, informar atualizacoes critica neste equipamentos, acabam tratando de forma preventiva alguma atividade suspeita.;8;quando sistemas distribuidos sao criados com linguagems que tratam seguranca, nao basta atualziar o sistema,, por exempo o interpretador (browser) precisa estar atualziado e viceversa,podendo correr o risco de alguma coisa nao funcionar por lado nao estar atualzado. por outro lado navegarores e clientes de email podem ser alvos de ataque que podem comprometer a seguranca.;10;um firewall de borda com IDS, e um antmalware, claramente importante, endpoints atualizados, nos diz o quanto uma empresa e seu ti esta preocupada com sua segurança.;10;Desastre. uma palavra que nao queremos, em noso vocabulario, contudo processos de criacao, checagem, gerenciamento,modelagem e recuperacao de dados, ja podem  fazer parte de uma cultura para preservar o negocio da emrpesa.;10;Atualizacoes de seguranca para  todos os dispositivos e softwares, acabam com muita brecha de seguranca. e tratar como um alto risco, inibe invasoes e risco de virus e malwares;7;;8;;9;;10;;10;;9;
12/9/2024 15:30:18;Tecnologia (Infraestrutura);Ambos;Especialista;> 10 anos;3;;5;;9;;6;Mas como ele é implementado, não adinatar ter, se não garantir a implantação.;9;;9;;6;;9;;8;;9;;5;;8;;7;;8;;8;;8;;9;;7;
12/9/2024 23:35:59;Segurança da Informação (Defensiva);Gerencial;Outros;> 5 anos;4;;6;;3;;3;;3;;2;;3;;3;;3;;3;;3;;3;;3;;2;;3;;3;;3;;3;